{
  "Version": 1,
  "ManifestType": "Publish",
  "Endpoints": [
    {
      "Route": "Teaghlach.r5g7snrnyy.styles.css",
      "AssetFile": "Teaghlach.styles.css.br",
      "Selectors": [
        {
          "Name": "Content-Encoding",
          "Value": "br",
          "Quality": "0.003215434084"
        }
      ],
      "ResponseHeaders": [
        {
          "Name": "Accept-Ranges",
          "Value": "bytes"
        },
        {
          "Name": "Cache-Control",
          "Value": "max-age=31536000, immutable"
        },
        {
          "Name": "Content-Encoding",
          "Value": "br"
        },
        {
          "Name": "Content-Length",
          "Value": "310"
        },
        {
          "Name": "Content-Type",
          "Value": "text/css"
        },
        {
          "Name": "ETag",
          "Value": "\"F60vxpJegvanZpmV6ljeCBSavT6O8QlVLowRClG2o4w=\""
        },
        {
          "Name": "ETag",
          "Value": "W/\"cepvKaskdOmzV/YOSbGnF1Obkjq0fer0VuZyWzYdc/U=\""
        },
        {
          "Name": "Last-Modified",
          "Value": "Sun, 18 May 2025 11:40:43 GMT"
        },
        {
          "Name": "Link",
          "Value": "<_content/Microsoft.AspNetCore.Components.QuickGrid/Microsoft.AspNetCore.Components.QuickGrid.25o87uqmvr.bundle.scp.css>; rel=\"preload\"; as=\"style\""
        },
        {
          "Name": "Vary",
          "Value": "Content-Encoding"
        }
      ],
      "EndpointProperties": [
        {
          "Name": "fingerprint",
          "Value": "r5g7snrnyy"
        },
        {
          "Name": "integrity",
          "Value": "sha256-cepvKaskdOmzV/YOSbGnF1Obkjq0fer0VuZyWzYdc/U="
        },
        {
          "Name": "label",
          "Value": "Teaghlach.styles.css"
        }
      ]
    },
    {
      "Route": "Teaghlach.r5g7snrnyy.styles.css",
      "AssetFile": "Teaghlach.styles.css.gz",
      "Selectors": [
        {
          "Name": "Content-Encoding",
          "Value": "gzip",
          "Quality": "0.002512562814"
        }
      ],
      "ResponseHeaders": [
        {
          "Name": "Accept-Ranges",
          "Value": "bytes"
        },
        {
          "Name": "Cache-Control",
          "Value": "max-age=31536000, immutable"
        },
        {
          "Name": "Content-Encoding",
          "Value": "gzip"
        },
        {
          "Name": "Content-Length",
          "Value": "397"
        },
        {
          "Name": "Content-Type",
          "Value": "text/css"
        },
        {
          "Name": "ETag",
          "Value": "\"E62SYAt45j35Xvj9hEtA+wOTOjJ/rDljRF4a/R8Rbbc=\""
        },
        {
          "Name": "ETag",
          "Value": "W/\"cepvKaskdOmzV/YOSbGnF1Obkjq0fer0VuZyWzYdc/U=\""
        },
        {
          "Name": "Last-Modified",
          "Value": "Sun, 18 May 2025 11:40:43 GMT"
        },
        {
          "Name": "Link",
          "Value": "<_content/Microsoft.AspNetCore.Components.QuickGrid/Microsoft.AspNetCore.Components.QuickGrid.25o87uqmvr.bundle.scp.css>; rel=\"preload\"; as=\"style\""
        },
        {
          "Name": "Vary",
          "Value": "Content-Encoding"
        }
      ],
      "EndpointProperties": [
        {
          "Name": "fingerprint",
          "Value": "r5g7snrnyy"
        },
        {
          "Name": "integrity",
          "Value": "sha256-cepvKaskdOmzV/YOSbGnF1Obkjq0fer0VuZyWzYdc/U="
        },
        {
          "Name": "label",
          "Value": "Teaghlach.styles.css"
        }
      ]
    },
    {
      "Route": "Teaghlach.r5g7snrnyy.styles.css",
      "AssetFile": "Teaghlach.styles.css",
      "Selectors": [],
      "ResponseHeaders": [
        {
          "Name": "Accept-Ranges",
          "Value": "bytes"
        },
        {
          "Name": "Cache-Control",
          "Value": "max-age=31536000, immutable"
        },
        {
          "Name": "Content-Length",
          "Value": "693"
        },
        {
          "Name": "Content-Type",
          "Value": "text/css"
        },
        {
          "Name": "ETag",
          "Value": "\"cepvKaskdOmzV/YOSbGnF1Obkjq0fer0VuZyWzYdc/U=\""
        },
        {
          "Name": "Last-Modified",
          "Value": "Sun, 18 May 2025 11:40:43 GMT"
        },
        {
          "Name": "Link",
          "Value": "<_content/Microsoft.AspNetCore.Components.QuickGrid/Microsoft.AspNetCore.Components.QuickGrid.25o87uqmvr.bundle.scp.css>; rel=\"preload\"; as=\"style\""
        }
      ],
      "EndpointProperties": [
        {
          "Name": "fingerprint",
          "Value": "r5g7snrnyy"
        },
        {
          "Name": "integrity",
          "Value": "sha256-cepvKaskdOmzV/YOSbGnF1Obkjq0fer0VuZyWzYdc/U="
        },
        {
          "Name": "label",
          "Value": "Teaghlach.styles.css"
        }
      ]
    },
    {
      "Route": "Teaghlach.r5g7snrnyy.styles.css.br",
      "AssetFile": "Teaghlach.styles.css.br",
      "Selectors": [],
      "ResponseHeaders": [
        {
          "Name": "Accept-Ranges",
          "Value": "bytes"
        },
        {
          "Name": "Cache-Control",
          "Value": "max-age=31536000, immutable"
        },
        {
          "Name": "Content-Encoding",
          "Value": "br"
        },
        {
          "Name": "Content-Length",
          "Value": "310"
        },
        {
          "Name": "Content-Type",
          "Value": "text/css"
        },
        {
          "Name": "ETag",
          "Value": "\"F60vxpJegvanZpmV6ljeCBSavT6O8QlVLowRClG2o4w=\""
        },
        {
          "Name": "Last-Modified",
          "Value": "Sun, 18 May 2025 11:40:43 GMT"
        },
        {
          "Name": "Vary",
          "Value": "Content-Encoding"
        }
      ],
      "EndpointProperties": [
        {
          "Name": "fingerprint",
          "Value": "r5g7snrnyy"
        },
        {
          "Name": "integrity",
          "Value": "sha256-F60vxpJegvanZpmV6ljeCBSavT6O8QlVLowRClG2o4w="
        },
        {
          "Name": "label",
          "Value": "Teaghlach.styles.css.br"
        }
      ]
    },
    {
      "Route": "Teaghlach.r5g7snrnyy.styles.css.gz",
      "AssetFile": "Teaghlach.styles.css.gz",
      "Selectors": [],
      "ResponseHeaders": [
        {
          "Name": "Accept-Ranges",
          "Value": "bytes"
        },
        {
          "Name": "Cache-Control",
          "Value": "max-age=31536000, immutable"
        },
        {
          "Name": "Content-Encoding",
          "Value": "gzip"
        },
        {
          "Name": "Content-Length",
          "Value": "397"
        },
        {
          "Name": "Content-Type",
          "Value": "text/css"
        },
        {
          "Name": "ETag",
          "Value": "\"E62SYAt45j35Xvj9hEtA+wOTOjJ/rDljRF4a/R8Rbbc=\""
        },
        {
          "Name": "Last-Modified",
          "Value": "Sun, 18 May 2025 11:40:43 GMT"
        },
        {
          "Name": "Vary",
          "Value": "Content-Encoding"
        }
      ],
      "EndpointProperties": [
        {
          "Name": "fingerprint",
          "Value": "r5g7snrnyy"
        },
        {
          "Name": "integrity",
          "Value": "sha256-E62SYAt45j35Xvj9hEtA+wOTOjJ/rDljRF4a/R8Rbbc="
        },
        {
          "Name": "label",
          "Value": "Teaghlach.styles.css.gz"
        }
      ]
    },
    {
      "Route": "Teaghlach.styles.css",
      "AssetFile": "Teaghlach.styles.css.br",
      "Selectors": [
        {
          "Name": "Content-Encoding",
          "Value": "br",
          "Quality": "0.003215434084"
        }
      ],
      "ResponseHeaders": [
        {
          "Name": "Accept-Ranges",
          "Value": "bytes"
        },
        {
          "Name": "Cache-Control",
          "Value": "no-cache"
        },
        {
          "Name": "Content-Encoding",
          "Value": "br"
        },
        {
          "Name": "Content-Length",
          "Value": "310"
        },
        {
          "Name": "Content-Type",
          "Value": "text/css"
        },
        {
          "Name": "ETag",
          "Value": "\"F60vxpJegvanZpmV6ljeCBSavT6O8QlVLowRClG2o4w=\""
        },
        {
          "Name": "ETag",
          "Value": "W/\"cepvKaskdOmzV/YOSbGnF1Obkjq0fer0VuZyWzYdc/U=\""
        },
        {
          "Name": "Last-Modified",
          "Value": "Sun, 18 May 2025 11:40:43 GMT"
        },
        {
          "Name": "Link",
          "Value": "<_content/Microsoft.AspNetCore.Components.QuickGrid/Microsoft.AspNetCore.Components.QuickGrid.25o87uqmvr.bundle.scp.css>; rel=\"preload\"; as=\"style\""
        },
        {
          "Name": "Vary",
          "Value": "Content-Encoding"
        }
      ],
      "EndpointProperties": [
        {
          "Name": "integrity",
          "Value": "sha256-cepvKaskdOmzV/YOSbGnF1Obkjq0fer0VuZyWzYdc/U="
        }
      ]
    },
    {
      "Route": "Teaghlach.styles.css",
      "AssetFile": "Teaghlach.styles.css.gz",
      "Selectors": [
        {
          "Name": "Content-Encoding",
          "Value": "gzip",
          "Quality": "0.002512562814"
        }
      ],
      "ResponseHeaders": [
        {
          "Name": "Accept-Ranges",
          "Value": "bytes"
        },
        {
          "Name": "Cache-Control",
          "Value": "no-cache"
        },
        {
          "Name": "Content-Encoding",
          "Value": "gzip"
        },
        {
          "Name": "Content-Length",
          "Value": "397"
        },
        {
          "Name": "Content-Type",
          "Value": "text/css"
        },
        {
          "Name": "ETag",
          "Value": "\"E62SYAt45j35Xvj9hEtA+wOTOjJ/rDljRF4a/R8Rbbc=\""
        },
        {
          "Name": "ETag",
          "Value": "W/\"cepvKaskdOmzV/YOSbGnF1Obkjq0fer0VuZyWzYdc/U=\""
        },
        {
          "Name": "Last-Modified",
          "Value": "Sun, 18 May 2025 11:40:43 GMT"
        },
        {
          "Name": "Link",
          "Value": "<_content/Microsoft.AspNetCore.Components.QuickGrid/Microsoft.AspNetCore.Components.QuickGrid.25o87uqmvr.bundle.scp.css>; rel=\"preload\"; as=\"style\""
        },
        {
          "Name": "Vary",
          "Value": "Content-Encoding"
        }
      ],
      "EndpointProperties": [
        {
          "Name": "integrity",
          "Value": "sha256-cepvKaskdOmzV/YOSbGnF1Obkjq0fer0VuZyWzYdc/U="
        }
      ]
    },
    {
      "Route": "Teaghlach.styles.css",
      "AssetFile": "Teaghlach.styles.css",
      "Selectors": [],
      "ResponseHeaders": [
        {
          "Name": "Accept-Ranges",
          "Value": "bytes"
        },
        {
          "Name": "Cache-Control",
          "Value": "no-cache"
        },
        {
          "Name": "Content-Length",
          "Value": "693"
        },
        {
          "Name": "Content-Type",
          "Value": "text/css"
        },
        {
          "Name": "ETag",
          "Value": "\"cepvKaskdOmzV/YOSbGnF1Obkjq0fer0VuZyWzYdc/U=\""
        },
        {
          "Name": "Last-Modified",
          "Value": "Sun, 18 May 2025 11:40:43 GMT"
        },
        {
          "Name": "Link",
          "Value": "<_content/Microsoft.AspNetCore.Components.QuickGrid/Microsoft.AspNetCore.Components.QuickGrid.25o87uqmvr.bundle.scp.css>; rel=\"preload\"; as=\"style\""
        }
      ],
      "EndpointProperties": [
        {
          "Name": "integrity",
          "Value": "sha256-cepvKaskdOmzV/YOSbGnF1Obkjq0fer0VuZyWzYdc/U="
        }
      ]
    },
    {
      "Route": "Teaghlach.styles.css.br",
      "AssetFile": "Teaghlach.styles.css.br",
      "Selectors": [],
      "ResponseHeaders": [
        {
          "Name": "Accept-Ranges",
          "Value": "bytes"
        },
        {
          "Name": "Cache-Control",
          "Value": "no-cache"
        },
        {
          "Name": "Content-Encoding",
          "Value": "br"
        },
        {
          "Name": "Content-Length",
          "Value": "310"
        },
        {
          "Name": "Content-Type",
          "Value": "text/css"
        },
        {
          "Name": "ETag",
          "Value": "\"F60vxpJegvanZpmV6ljeCBSavT6O8QlVLowRClG2o4w=\""
        },
        {
          "Name": "Last-Modified",
          "Value": "Sun, 18 May 2025 11:40:43 GMT"
        },
        {
          "Name": "Vary",
          "Value": "Content-Encoding"
        }
      ],
      "EndpointProperties": [
        {
          "Name": "integrity",
          "Value": "sha256-F60vxpJegvanZpmV6ljeCBSavT6O8QlVLowRClG2o4w="
        }
      ]
    },
    {
      "Route": "Teaghlach.styles.css.gz",
      "AssetFile": "Teaghlach.styles.css.gz",
      "Selectors": [],
      "ResponseHeaders": [
        {
          "Name": "Accept-Ranges",
          "Value": "bytes"
        },
        {
          "Name": "Cache-Control",
          "Value": "no-cache"
        },
        {
          "Name": "Content-Encoding",
          "Value": "gzip"
        },
        {
          "Name": "Content-Length",
          "Value": "397"
        },
        {
          "Name": "Content-Type",
          "Value": "text/css"
        },
        {
          "Name": "ETag",
          "Value": "\"E62SYAt45j35Xvj9hEtA+wOTOjJ/rDljRF4a/R8Rbbc=\""
        },
        {
          "Name": "Last-Modified",
          "Value": "Sun, 18 May 2025 11:40:43 GMT"
        },
        {
          "Name": "Vary",
          "Value": "Content-Encoding"
        }
      ],
      "EndpointProperties": [
        {
          "Name": "integrity",
          "Value": "sha256-E62SYAt45j35Xvj9hEtA+wOTOjJ/rDljRF4a/R8Rbbc="
        }
      ]
    },
    {
      "Route": "_content/Heron.MudCalendar/Heron.MudCalendar.min.css",
      "AssetFile": "_content/Heron.MudCalendar/Heron.MudCalendar.min.css",
      "Selectors": [],
      "ResponseHeaders": [
        {
          "Name": "Accept-Ranges",
          "Value": "bytes"
        },
        {
          "Name": "Cache-Control",
          "Value": "no-cache"
        },
        {
          "Name": "Content-Length",
          "Value": "5007"
        },
        {
          "Name": "Content-Type",
          "Value": "text/css"
        },
        {
          "Name": "ETag",
          "Value": "\"uf4PQ2Q8ySCG/UC5q3ijiJviTSsBWo0T07PqXC0hAYw=\""
        },
        {
          "Name": "Last-Modified",
          "Value": "Mon, 20 Jan 2025 15:08:41 GMT"
        }
      ],
      "EndpointProperties": [
        {
          "Name": "integrity",
          "Value": "sha256-uf4PQ2Q8ySCG/UC5q3ijiJviTSsBWo0T07PqXC0hAYw="
        }
      ]
    },
    {
      "Route": "_content/Heron.MudCalendar/Heron.MudCalendar.min.css",
      "AssetFile": "_content/Heron.MudCalendar/Heron.MudCalendar.min.css.gz",
      "Selectors": [
        {
          "Name": "Content-Encoding",
          "Value": "gzip",
          "Quality": "0.000817661488"
        }
      ],
      "ResponseHeaders": [
        {
          "Name": "Accept-Ranges",
          "Value": "bytes"
        },
        {
          "Name": "Cache-Control",
          "Value": "no-cache"
        },
        {
          "Name": "Content-Encoding",
          "Value": "gzip"
        },
        {
          "Name": "Content-Length",
          "Value": "1222"
        },
        {
          "Name": "Content-Type",
          "Value": "text/css"
        },
        {
          "Name": "ETag",
          "Value": "\"7fp3jmWUfKY17+0qehTwkRRkexrR1ux9QmtYDYeZpUs=\""
        },
        {
          "Name": "ETag",
          "Value": "W/\"uf4PQ2Q8ySCG/UC5q3ijiJviTSsBWo0T07PqXC0hAYw=\""
        },
        {
          "Name": "Last-Modified",
          "Value": "Mon, 20 Jan 2025 15:08:40 GMT"
        },
        {
          "Name": "Vary",
          "Value": "Content-Encoding"
        }
      ],
      "EndpointProperties": [
        {
          "Name": "integrity",
          "Value": "sha256-uf4PQ2Q8ySCG/UC5q3ijiJviTSsBWo0T07PqXC0hAYw="
        }
      ]
    },
    {
      "Route": "_content/Heron.MudCalendar/Heron.MudCalendar.min.css",
      "AssetFile": "_content/Heron.MudCalendar/Heron.MudCalendar.min.css.br",
      "Selectors": [
        {
          "Name": "Content-Encoding",
          "Value": "br",
          "Quality": "0.001023541453"
        }
      ],
      "ResponseHeaders": [
        {
          "Name": "Accept-Ranges",
          "Value": "bytes"
        },
        {
          "Name": "Cache-Control",
          "Value": "no-cache"
        },
        {
          "Name": "Content-Encoding",
          "Value": "br"
        },
        {
          "Name": "Content-Length",
          "Value": "976"
        },
        {
          "Name": "Content-Type",
          "Value": "text/css"
        },
        {
          "Name": "ETag",
          "Value": "\"BiYDwcDA2Jv0Ax7W0NvGSW8J4fx6T+/JddLX7a5nHko=\""
        },
        {
          "Name": "ETag",
          "Value": "W/\"uf4PQ2Q8ySCG/UC5q3ijiJviTSsBWo0T07PqXC0hAYw=\""
        },
        {
          "Name": "Last-Modified",
          "Value": "Mon, 20 Jan 2025 15:08:40 GMT"
        },
        {
          "Name": "Vary",
          "Value": "Content-Encoding"
        }
      ],
      "EndpointProperties": [
        {
          "Name": "integrity",
          "Value": "sha256-uf4PQ2Q8ySCG/UC5q3ijiJviTSsBWo0T07PqXC0hAYw="
        }
      ]
    },
    {
      "Route": "_content/Heron.MudCalendar/Heron.MudCalendar.min.css.br",
      "AssetFile": "_content/Heron.MudCalendar/Heron.MudCalendar.min.css.br",
      "Selectors": [],
      "ResponseHeaders": [
        {
          "Name": "Accept-Ranges",
          "Value": "bytes"
        },
        {
          "Name": "Cache-Control",
          "Value": "no-cache"
        },
        {
          "Name": "Content-Encoding",
          "Value": "br"
        },
        {
          "Name": "Content-Length",
          "Value": "976"
        },
        {
          "Name": "Content-Type",
          "Value": "text/css"
        },
        {
          "Name": "ETag",
          "Value": "\"BiYDwcDA2Jv0Ax7W0NvGSW8J4fx6T+/JddLX7a5nHko=\""
        },
        {
          "Name": "Last-Modified",
          "Value": "Mon, 20 Jan 2025 15:08:40 GMT"
        },
        {
          "Name": "Vary",
          "Value": "Content-Encoding"
        }
      ],
      "EndpointProperties": [
        {
          "Name": "integrity",
          "Value": "sha256-BiYDwcDA2Jv0Ax7W0NvGSW8J4fx6T+/JddLX7a5nHko="
        }
      ]
    },
    {
      "Route": "_content/Heron.MudCalendar/Heron.MudCalendar.min.css.gz",
      "AssetFile": "_content/Heron.MudCalendar/Heron.MudCalendar.min.css.gz",
      "Selectors": [],
      "ResponseHeaders": [
        {
          "Name": "Accept-Ranges",
          "Value": "bytes"
        },
        {
          "Name": "Cache-Control",
          "Value": "no-cache"
        },
        {
          "Name": "Content-Encoding",
          "Value": "gzip"
        },
        {
          "Name": "Content-Length",
          "Value": "1222"
        },
        {
          "Name": "Content-Type",
          "Value": "text/css"
        },
        {
          "Name": "ETag",
          "Value": "\"7fp3jmWUfKY17+0qehTwkRRkexrR1ux9QmtYDYeZpUs=\""
        },
        {
          "Name": "Last-Modified",
          "Value": "Mon, 20 Jan 2025 15:08:40 GMT"
        },
        {
          "Name": "Vary",
          "Value": "Content-Encoding"
        }
      ],
      "EndpointProperties": [
        {
          "Name": "integrity",
          "Value": "sha256-7fp3jmWUfKY17+0qehTwkRRkexrR1ux9QmtYDYeZpUs="
        }
      ]
    },
    {
      "Route": "_content/Heron.MudCalendar/Heron.MudCalendar.min.efeiqdrhqv.js",
      "AssetFile": "_content/Heron.MudCalendar/Heron.MudCalendar.min.js",
      "Selectors": [],
      "ResponseHeaders": [
        {
          "Name": "Accept-Ranges",
          "Value": "bytes"
        },
        {
          "Name": "Cache-Control",
          "Value": "max-age=31536000, immutable"
        },
        {
          "Name": "Content-Length",
          "Value": "5097"
        },
        {
          "Name": "Content-Type",
          "Value": "text/javascript"
        },
        {
          "Name": "ETag",
          "Value": "\"ireALYnUSL1l6t/iVMGBryvRYvh/xfmxrDWfa3VUlLg=\""
        },
        {
          "Name": "Last-Modified",
          "Value": "Mon, 20 Jan 2025 15:08:42 GMT"
        }
      ],
      "EndpointProperties": [
        {
          "Name": "fingerprint",
          "Value": "efeiqdrhqv"
        },
        {
          "Name": "integrity",
          "Value": "sha256-ireALYnUSL1l6t/iVMGBryvRYvh/xfmxrDWfa3VUlLg="
        },
        {
          "Name": "label",
          "Value": "_content/Heron.MudCalendar/Heron.MudCalendar.min.js"
        }
      ]
    },
    {
      "Route": "_content/Heron.MudCalendar/Heron.MudCalendar.min.faxze0q8id.css",
      "AssetFile": "_content/Heron.MudCalendar/Heron.MudCalendar.min.css",
      "Selectors": [],
      "ResponseHeaders": [
        {
          "Name": "Accept-Ranges",
          "Value": "bytes"
        },
        {
          "Name": "Cache-Control",
          "Value": "max-age=31536000, immutable"
        },
        {
          "Name": "Content-Length",
          "Value": "5007"
        },
        {
          "Name": "Content-Type",
          "Value": "text/css"
        },
        {
          "Name": "ETag",
          "Value": "\"uf4PQ2Q8ySCG/UC5q3ijiJviTSsBWo0T07PqXC0hAYw=\""
        },
        {
          "Name": "Last-Modified",
          "Value": "Mon, 20 Jan 2025 15:08:41 GMT"
        }
      ],
      "EndpointProperties": [
        {
          "Name": "fingerprint",
          "Value": "faxze0q8id"
        },
        {
          "Name": "integrity",
          "Value": "sha256-uf4PQ2Q8ySCG/UC5q3ijiJviTSsBWo0T07PqXC0hAYw="
        },
        {
          "Name": "label",
          "Value": "_content/Heron.MudCalendar/Heron.MudCalendar.min.css"
        }
      ]
    },
    {
      "Route": "_content/Heron.MudCalendar/Heron.MudCalendar.min.js",
      "AssetFile": "_content/Heron.MudCalendar/Heron.MudCalendar.min.js",
      "Selectors": [],
      "ResponseHeaders": [
        {
          "Name": "Accept-Ranges",
          "Value": "bytes"
        },
        {
          "Name": "Cache-Control",
          "Value": "no-cache"
        },
        {
          "Name": "Content-Length",
          "Value": "5097"
        },
        {
          "Name": "Content-Type",
          "Value": "text/javascript"
        },
        {
          "Name": "ETag",
          "Value": "\"ireALYnUSL1l6t/iVMGBryvRYvh/xfmxrDWfa3VUlLg=\""
        },
        {
          "Name": "Last-Modified",
          "Value": "Mon, 20 Jan 2025 15:08:42 GMT"
        }
      ],
      "EndpointProperties": [
        {
          "Name": "integrity",
          "Value": "sha256-ireALYnUSL1l6t/iVMGBryvRYvh/xfmxrDWfa3VUlLg="
        }
      ]
    },
    {
      "Route": "_content/Heron.MudCalendar/Heron.MudCalendar.min.js",
      "AssetFile": "_content/Heron.MudCalendar/Heron.MudCalendar.min.js.gz",
      "Selectors": [
        {
          "Name": "Content-Encoding",
          "Value": "gzip",
          "Quality": "0.000616142945"
        }
      ],
      "ResponseHeaders": [
        {
          "Name": "Accept-Ranges",
          "Value": "bytes"
        },
        {
          "Name": "Cache-Control",
          "Value": "no-cache"
        },
        {
          "Name": "Content-Encoding",
          "Value": "gzip"
        },
        {
          "Name": "Content-Length",
          "Value": "1622"
        },
        {
          "Name": "Content-Type",
          "Value": "text/javascript"
        },
        {
          "Name": "ETag",
          "Value": "\"MkDYpE1EnrpKz+fOiL2/xgQc9mnGqs5cjq/8D1iPxmA=\""
        },
        {
          "Name": "ETag",
          "Value": "W/\"ireALYnUSL1l6t/iVMGBryvRYvh/xfmxrDWfa3VUlLg=\""
        },
        {
          "Name": "Last-Modified",
          "Value": "Mon, 20 Jan 2025 15:08:42 GMT"
        },
        {
          "Name": "Vary",
          "Value": "Content-Encoding"
        }
      ],
      "EndpointProperties": [
        {
          "Name": "integrity",
          "Value": "sha256-ireALYnUSL1l6t/iVMGBryvRYvh/xfmxrDWfa3VUlLg="
        }
      ]
    },
    {
      "Route": "_content/Heron.MudCalendar/Heron.MudCalendar.min.js",
      "AssetFile": "_content/Heron.MudCalendar/Heron.MudCalendar.min.js.br",
      "Selectors": [
        {
          "Name": "Content-Encoding",
          "Value": "br",
          "Quality": "0.000718390805"
        }
      ],
      "ResponseHeaders": [
        {
          "Name": "Accept-Ranges",
          "Value": "bytes"
        },
        {
          "Name": "Cache-Control",
          "Value": "no-cache"
        },
        {
          "Name": "Content-Encoding",
          "Value": "br"
        },
        {
          "Name": "Content-Length",
          "Value": "1391"
        },
        {
          "Name": "Content-Type",
          "Value": "text/javascript"
        },
        {
          "Name": "ETag",
          "Value": "\"I8YUJuA/5tzBfDH76rAUYW+NFk6ldC5CSjLTu2QJ13o=\""
        },
        {
          "Name": "ETag",
          "Value": "W/\"ireALYnUSL1l6t/iVMGBryvRYvh/xfmxrDWfa3VUlLg=\""
        },
        {
          "Name": "Last-Modified",
          "Value": "Mon, 20 Jan 2025 15:08:42 GMT"
        },
        {
          "Name": "Vary",
          "Value": "Content-Encoding"
        }
      ],
      "EndpointProperties": [
        {
          "Name": "integrity",
          "Value": "sha256-ireALYnUSL1l6t/iVMGBryvRYvh/xfmxrDWfa3VUlLg="
        }
      ]
    },
    {
      "Route": "_content/Heron.MudCalendar/Heron.MudCalendar.min.js.br",
      "AssetFile": "_content/Heron.MudCalendar/Heron.MudCalendar.min.js.br",
      "Selectors": [],
      "ResponseHeaders": [
        {
          "Name": "Accept-Ranges",
          "Value": "bytes"
        },
        {
          "Name": "Cache-Control",
          "Value": "no-cache"
        },
        {
          "Name": "Content-Encoding",
          "Value": "br"
        },
        {
          "Name": "Content-Length",
          "Value": "1391"
        },
        {
          "Name": "Content-Type",
          "Value": "text/javascript"
        },
        {
          "Name": "ETag",
          "Value": "\"I8YUJuA/5tzBfDH76rAUYW+NFk6ldC5CSjLTu2QJ13o=\""
        },
        {
          "Name": "Last-Modified",
          "Value": "Mon, 20 Jan 2025 15:08:42 GMT"
        },
        {
          "Name": "Vary",
          "Value": "Content-Encoding"
        }
      ],
      "EndpointProperties": [
        {
          "Name": "integrity",
          "Value": "sha256-I8YUJuA/5tzBfDH76rAUYW+NFk6ldC5CSjLTu2QJ13o="
        }
      ]
    },
    {
      "Route": "_content/Heron.MudCalendar/Heron.MudCalendar.min.js.gz",
      "AssetFile": "_content/Heron.MudCalendar/Heron.MudCalendar.min.js.gz",
      "Selectors": [],
      "ResponseHeaders": [
        {
          "Name": "Accept-Ranges",
          "Value": "bytes"
        },
        {
          "Name": "Cache-Control",
          "Value": "no-cache"
        },
        {
          "Name": "Content-Encoding",
          "Value": "gzip"
        },
        {
          "Name": "Content-Length",
          "Value": "1622"
        },
        {
          "Name": "Content-Type",
          "Value": "text/javascript"
        },
        {
          "Name": "ETag",
          "Value": "\"MkDYpE1EnrpKz+fOiL2/xgQc9mnGqs5cjq/8D1iPxmA=\""
        },
        {
          "Name": "Last-Modified",
          "Value": "Mon, 20 Jan 2025 15:08:42 GMT"
        },
        {
          "Name": "Vary",
          "Value": "Content-Encoding"
        }
      ],
      "EndpointProperties": [
        {
          "Name": "integrity",
          "Value": "sha256-MkDYpE1EnrpKz+fOiL2/xgQc9mnGqs5cjq/8D1iPxmA="
        }
      ]
    },
    {
      "Route": "_content/Microsoft.AspNetCore.Components.QuickGrid/Microsoft.AspNetCore.Components.QuickGrid.25o87uqmvr.bundle.scp.css",
      "AssetFile": "_content/Microsoft.AspNetCore.Components.QuickGrid/Microsoft.AspNetCore.Components.QuickGrid.25o87uqmvr.bundle.scp.css",
      "Selectors": [],
      "ResponseHeaders": [
        {
          "Name": "Accept-Ranges",
          "Value": "bytes"
        },
        {
          "Name": "Cache-Control",
          "Value": "max-age=31536000, immutable"
        },
        {
          "Name": "Content-Length",
          "Value": "8251"
        },
        {
          "Name": "Content-Type",
          "Value": "text/css"
        },
        {
          "Name": "ETag",
          "Value": "\"Nuu0BHvGBlwN6c5FSVjV9yxX0YPfwg3ufdOucRJCOz0=\""
        },
        {
          "Name": "Last-Modified",
          "Value": "Tue, 29 Oct 2024 13:29:35 GMT"
        }
      ],
      "EndpointProperties": [
        {
          "Name": "fingerprint",
          "Value": "25o87uqmvr"
        },
        {
          "Name": "integrity",
          "Value": "sha256-Nuu0BHvGBlwN6c5FSVjV9yxX0YPfwg3ufdOucRJCOz0="
        },
        {
          "Name": "label",
          "Value": "_content/Microsoft.AspNetCore.Components.QuickGrid/Microsoft.AspNetCore.Components.QuickGrid.bundle.scp.css"
        }
      ]
    },
    {
      "Route": "_content/Microsoft.AspNetCore.Components.QuickGrid/Microsoft.AspNetCore.Components.QuickGrid.25o87uqmvr.bundle.scp.css.br",
      "AssetFile": "_content/Microsoft.AspNetCore.Components.QuickGrid/Microsoft.AspNetCore.Components.QuickGrid.25o87uqmvr.bundle.scp.css.br",
      "Selectors": [],
      "ResponseHeaders": [
        {
          "Name": "Accept-Ranges",
          "Value": "bytes"
        },
        {
          "Name": "Cache-Control",
          "Value": "no-cache"
        },
        {
          "Name": "Content-Encoding",
          "Value": "br"
        },
        {
          "Name": "Content-Length",
          "Value": "1969"
        },
        {
          "Name": "Content-Type",
          "Value": "text/css"
        },
        {
          "Name": "ETag",
          "Value": "\"CADNY+t22XPFoONZTvC8eNqsfDVXHXX8cdE1DUkJXSQ=\""
        },
        {
          "Name": "Last-Modified",
          "Value": "Tue, 29 Oct 2024 13:29:34 GMT"
        },
        {
          "Name": "Vary",
          "Value": "Content-Encoding"
        }
      ],
      "EndpointProperties": [
        {
          "Name": "integrity",
          "Value": "sha256-CADNY+t22XPFoONZTvC8eNqsfDVXHXX8cdE1DUkJXSQ="
        }
      ]
    },
    {
      "Route": "_content/Microsoft.AspNetCore.Components.QuickGrid/Microsoft.AspNetCore.Components.QuickGrid.25o87uqmvr.bundle.scp.css.gz",
      "AssetFile": "_content/Microsoft.AspNetCore.Components.QuickGrid/Microsoft.AspNetCore.Components.QuickGrid.25o87uqmvr.bundle.scp.css.gz",
      "Selectors": [],
      "ResponseHeaders": [
        {
          "Name": "Accept-Ranges",
          "Value": "bytes"
        },
        {
          "Name": "Cache-Control",
          "Value": "no-cache"
        },
        {
          "Name": "Content-Encoding",
          "Value": "gzip"
        },
        {
          "Name": "Content-Length",
          "Value": "2452"
        },
        {
          "Name": "Content-Type",
          "Value": "text/css"
        },
        {
          "Name": "ETag",
          "Value": "\"bl1Sll6BsS4llCzjKcNcHMwzxdPETwjAAvYwJAQ73Vc=\""
        },
        {
          "Name": "Last-Modified",
          "Value": "Tue, 29 Oct 2024 13:29:34 GMT"
        },
        {
          "Name": "Vary",
          "Value": "Content-Encoding"
        }
      ],
      "EndpointProperties": [
        {
          "Name": "integrity",
          "Value": "sha256-bl1Sll6BsS4llCzjKcNcHMwzxdPETwjAAvYwJAQ73Vc="
        }
      ]
    },
    {
      "Route": "_content/Microsoft.AspNetCore.Components.QuickGrid/Microsoft.AspNetCore.Components.QuickGrid.bundle.scp.css",
      "AssetFile": "_content/Microsoft.AspNetCore.Components.QuickGrid/Microsoft.AspNetCore.Components.QuickGrid.25o87uqmvr.bundle.scp.css",
      "Selectors": [],
      "ResponseHeaders": [
        {
          "Name": "Accept-Ranges",
          "Value": "bytes"
        },
        {
          "Name": "Cache-Control",
          "Value": "no-cache"
        },
        {
          "Name": "Content-Length",
          "Value": "8251"
        },
        {
          "Name": "Content-Type",
          "Value": "text/css"
        },
        {
          "Name": "ETag",
          "Value": "\"Nuu0BHvGBlwN6c5FSVjV9yxX0YPfwg3ufdOucRJCOz0=\""
        },
        {
          "Name": "Last-Modified",
          "Value": "Tue, 29 Oct 2024 13:29:35 GMT"
        }
      ],
      "EndpointProperties": [
        {
          "Name": "integrity",
          "Value": "sha256-Nuu0BHvGBlwN6c5FSVjV9yxX0YPfwg3ufdOucRJCOz0="
        }
      ]
    },
    {
      "Route": "_content/Microsoft.AspNetCore.Components.QuickGrid/Microsoft.AspNetCore.Components.QuickGrid.bundle.scp.css",
      "AssetFile": "_content/Microsoft.AspNetCore.Components.QuickGrid/Microsoft.AspNetCore.Components.QuickGrid.25o87uqmvr.bundle.scp.css.gz",
      "Selectors": [
        {
          "Name": "Content-Encoding",
          "Value": "gzip",
          "Quality": "0.000407664085"
        }
      ],
      "ResponseHeaders": [
        {
          "Name": "Accept-Ranges",
          "Value": "bytes"
        },
        {
          "Name": "Cache-Control",
          "Value": "no-cache"
        },
        {
          "Name": "Content-Encoding",
          "Value": "gzip"
        },
        {
          "Name": "Content-Length",
          "Value": "2452"
        },
        {
          "Name": "Content-Type",
          "Value": "text/css"
        },
        {
          "Name": "ETag",
          "Value": "\"bl1Sll6BsS4llCzjKcNcHMwzxdPETwjAAvYwJAQ73Vc=\""
        },
        {
          "Name": "ETag",
          "Value": "W/\"Nuu0BHvGBlwN6c5FSVjV9yxX0YPfwg3ufdOucRJCOz0=\""
        },
        {
          "Name": "Last-Modified",
          "Value": "Tue, 29 Oct 2024 13:29:34 GMT"
        },
        {
          "Name": "Vary",
          "Value": "Content-Encoding"
        }
      ],
      "EndpointProperties": [
        {
          "Name": "integrity",
          "Value": "sha256-Nuu0BHvGBlwN6c5FSVjV9yxX0YPfwg3ufdOucRJCOz0="
        }
      ]
    },
    {
      "Route": "_content/Microsoft.AspNetCore.Components.QuickGrid/Microsoft.AspNetCore.Components.QuickGrid.bundle.scp.css",
      "AssetFile": "_content/Microsoft.AspNetCore.Components.QuickGrid/Microsoft.AspNetCore.Components.QuickGrid.25o87uqmvr.bundle.scp.css.br",
      "Selectors": [
        {
          "Name": "Content-Encoding",
          "Value": "br",
          "Quality": "0.000507614213"
        }
      ],
      "ResponseHeaders": [
        {
          "Name": "Accept-Ranges",
          "Value": "bytes"
        },
        {
          "Name": "Cache-Control",
          "Value": "no-cache"
        },
        {
          "Name": "Content-Encoding",
          "Value": "br"
        },
        {
          "Name": "Content-Length",
          "Value": "1969"
        },
        {
          "Name": "Content-Type",
          "Value": "text/css"
        },
        {
          "Name": "ETag",
          "Value": "\"CADNY+t22XPFoONZTvC8eNqsfDVXHXX8cdE1DUkJXSQ=\""
        },
        {
          "Name": "ETag",
          "Value": "W/\"Nuu0BHvGBlwN6c5FSVjV9yxX0YPfwg3ufdOucRJCOz0=\""
        },
        {
          "Name": "Last-Modified",
          "Value": "Tue, 29 Oct 2024 13:29:34 GMT"
        },
        {
          "Name": "Vary",
          "Value": "Content-Encoding"
        }
      ],
      "EndpointProperties": [
        {
          "Name": "integrity",
          "Value": "sha256-Nuu0BHvGBlwN6c5FSVjV9yxX0YPfwg3ufdOucRJCOz0="
        }
      ]
    },
    {
      "Route": "_content/Microsoft.AspNetCore.Components.QuickGrid/QuickGrid.razor.js",
      "AssetFile": "_content/Microsoft.AspNetCore.Components.QuickGrid/QuickGrid.razor.js",
      "Selectors": [],
      "ResponseHeaders": [
        {
          "Name": "Accept-Ranges",
          "Value": "bytes"
        },
        {
          "Name": "Cache-Control",
          "Value": "no-cache"
        },
        {
          "Name": "Content-Length",
          "Value": "2563"
        },
        {
          "Name": "Content-Type",
          "Value": "text/javascript"
        },
        {
          "Name": "ETag",
          "Value": "\"tnamWuQ2F5I2J8hbtBt4/9i8Mb2y2o+9Tepj5tUrSdU=\""
        },
        {
          "Name": "Last-Modified",
          "Value": "Tue, 29 Oct 2024 13:06:47 GMT"
        }
      ],
      "EndpointProperties": [
        {
          "Name": "integrity",
          "Value": "sha256-tnamWuQ2F5I2J8hbtBt4/9i8Mb2y2o+9Tepj5tUrSdU="
        },
        {
          "Name": "script-type",
          "Value": "module"
        }
      ]
    },
    {
      "Route": "_content/Microsoft.AspNetCore.Components.QuickGrid/QuickGrid.razor.js",
      "AssetFile": "_content/Microsoft.AspNetCore.Components.QuickGrid/QuickGrid.razor.js.br",
      "Selectors": [
        {
          "Name": "Content-Encoding",
          "Value": "br",
          "Quality": "0.001474926254"
        }
      ],
      "ResponseHeaders": [
        {
          "Name": "Accept-Ranges",
          "Value": "bytes"
        },
        {
          "Name": "Cache-Control",
          "Value": "no-cache"
        },
        {
          "Name": "Content-Encoding",
          "Value": "br"
        },
        {
          "Name": "Content-Length",
          "Value": "677"
        },
        {
          "Name": "Content-Type",
          "Value": "text/javascript"
        },
        {
          "Name": "ETag",
          "Value": "\"4t5yJSmyUgnD0ImOFbvl9u+D4L9fmycsnmwkPpnB80Y=\""
        },
        {
          "Name": "ETag",
          "Value": "W/\"tnamWuQ2F5I2J8hbtBt4/9i8Mb2y2o+9Tepj5tUrSdU=\""
        },
        {
          "Name": "Last-Modified",
          "Value": "Tue, 29 Oct 2024 13:06:46 GMT"
        },
        {
          "Name": "Vary",
          "Value": "Content-Encoding"
        }
      ],
      "EndpointProperties": [
        {
          "Name": "integrity",
          "Value": "sha256-tnamWuQ2F5I2J8hbtBt4/9i8Mb2y2o+9Tepj5tUrSdU="
        },
        {
          "Name": "script-type",
          "Value": "module"
        }
      ]
    },
    {
      "Route": "_content/Microsoft.AspNetCore.Components.QuickGrid/QuickGrid.razor.js",
      "AssetFile": "_content/Microsoft.AspNetCore.Components.QuickGrid/QuickGrid.razor.js.gz",
      "Selectors": [
        {
          "Name": "Content-Encoding",
          "Value": "gzip",
          "Quality": "0.001183431953"
        }
      ],
      "ResponseHeaders": [
        {
          "Name": "Accept-Ranges",
          "Value": "bytes"
        },
        {
          "Name": "Cache-Control",
          "Value": "no-cache"
        },
        {
          "Name": "Content-Encoding",
          "Value": "gzip"
        },
        {
          "Name": "Content-Length",
          "Value": "844"
        },
        {
          "Name": "Content-Type",
          "Value": "text/javascript"
        },
        {
          "Name": "ETag",
          "Value": "\"l1TN0xlzfmCvoE1j6NfscfK49JNKk0yWC8evKQzqR0w=\""
        },
        {
          "Name": "ETag",
          "Value": "W/\"tnamWuQ2F5I2J8hbtBt4/9i8Mb2y2o+9Tepj5tUrSdU=\""
        },
        {
          "Name": "Last-Modified",
          "Value": "Tue, 29 Oct 2024 13:06:46 GMT"
        },
        {
          "Name": "Vary",
          "Value": "Content-Encoding"
        }
      ],
      "EndpointProperties": [
        {
          "Name": "integrity",
          "Value": "sha256-tnamWuQ2F5I2J8hbtBt4/9i8Mb2y2o+9Tepj5tUrSdU="
        },
        {
          "Name": "script-type",
          "Value": "module"
        }
      ]
    },
    {
      "Route": "_content/Microsoft.AspNetCore.Components.QuickGrid/QuickGrid.razor.js.br",
      "AssetFile": "_content/Microsoft.AspNetCore.Components.QuickGrid/QuickGrid.razor.js.br",
      "Selectors": [],
      "ResponseHeaders": [
        {
          "Name": "Accept-Ranges",
          "Value": "bytes"
        },
        {
          "Name": "Cache-Control",
          "Value": "no-cache"
        },
        {
          "Name": "Content-Encoding",
          "Value": "br"
        },
        {
          "Name": "Content-Length",
          "Value": "677"
        },
        {
          "Name": "Content-Type",
          "Value": "text/javascript"
        },
        {
          "Name": "ETag",
          "Value": "\"4t5yJSmyUgnD0ImOFbvl9u+D4L9fmycsnmwkPpnB80Y=\""
        },
        {
          "Name": "Last-Modified",
          "Value": "Tue, 29 Oct 2024 13:06:46 GMT"
        },
        {
          "Name": "Vary",
          "Value": "Content-Encoding"
        }
      ],
      "EndpointProperties": [
        {
          "Name": "integrity",
          "Value": "sha256-4t5yJSmyUgnD0ImOFbvl9u+D4L9fmycsnmwkPpnB80Y="
        }
      ]
    },
    {
      "Route": "_content/Microsoft.AspNetCore.Components.QuickGrid/QuickGrid.razor.js.gz",
      "AssetFile": "_content/Microsoft.AspNetCore.Components.QuickGrid/QuickGrid.razor.js.gz",
      "Selectors": [],
      "ResponseHeaders": [
        {
          "Name": "Accept-Ranges",
          "Value": "bytes"
        },
        {
          "Name": "Cache-Control",
          "Value": "no-cache"
        },
        {
          "Name": "Content-Encoding",
          "Value": "gzip"
        },
        {
          "Name": "Content-Length",
          "Value": "844"
        },
        {
          "Name": "Content-Type",
          "Value": "text/javascript"
        },
        {
          "Name": "ETag",
          "Value": "\"l1TN0xlzfmCvoE1j6NfscfK49JNKk0yWC8evKQzqR0w=\""
        },
        {
          "Name": "Last-Modified",
          "Value": "Tue, 29 Oct 2024 13:06:46 GMT"
        },
        {
          "Name": "Vary",
          "Value": "Content-Encoding"
        }
      ],
      "EndpointProperties": [
        {
          "Name": "integrity",
          "Value": "sha256-l1TN0xlzfmCvoE1j6NfscfK49JNKk0yWC8evKQzqR0w="
        }
      ]
    },
    {
      "Route": "_content/MudBlazor/MudBlazor.min.css",
      "AssetFile": "_content/MudBlazor/MudBlazor.min.css",
      "Selectors": [],
      "ResponseHeaders": [
        {
          "Name": "Accept-Ranges",
          "Value": "bytes"
        },
        {
          "Name": "Cache-Control",
          "Value": "no-cache"
        },
        {
          "Name": "Content-Length",
          "Value": "597813"
        },
        {
          "Name": "Content-Type",
          "Value": "text/css"
        },
        {
          "Name": "ETag",
          "Value": "\"NgHobvE5wu6MFuX0QImF1lk8IP4UUN3UDirKa0WQVYc=\""
        },
        {
          "Name": "Last-Modified",
          "Value": "Mon, 31 Mar 2025 21:02:30 GMT"
        }
      ],
      "EndpointProperties": [
        {
          "Name": "integrity",
          "Value": "sha256-NgHobvE5wu6MFuX0QImF1lk8IP4UUN3UDirKa0WQVYc="
        }
      ]
    },
    {
      "Route": "_content/MudBlazor/MudBlazor.min.css",
      "AssetFile": "_content/MudBlazor/MudBlazor.min.css.br",
      "Selectors": [
        {
          "Name": "Content-Encoding",
          "Value": "br",
          "Quality": "0.000024561576"
        }
      ],
      "ResponseHeaders": [
        {
          "Name": "Accept-Ranges",
          "Value": "bytes"
        },
        {
          "Name": "Cache-Control",
          "Value": "no-cache"
        },
        {
          "Name": "Content-Encoding",
          "Value": "br"
        },
        {
          "Name": "Content-Length",
          "Value": "40713"
        },
        {
          "Name": "Content-Type",
          "Value": "text/css"
        },
        {
          "Name": "ETag",
          "Value": "\"YEArEP6yen3FV2l1iOGV3CPTZfQY/RBW3HNrVX7lS3Y=\""
        },
        {
          "Name": "ETag",
          "Value": "W/\"NgHobvE5wu6MFuX0QImF1lk8IP4UUN3UDirKa0WQVYc=\""
        },
        {
          "Name": "Last-Modified",
          "Value": "Mon, 31 Mar 2025 21:02:30 GMT"
        },
        {
          "Name": "Vary",
          "Value": "Content-Encoding"
        }
      ],
      "EndpointProperties": [
        {
          "Name": "integrity",
          "Value": "sha256-NgHobvE5wu6MFuX0QImF1lk8IP4UUN3UDirKa0WQVYc="
        }
      ]
    },
    {
      "Route": "_content/MudBlazor/MudBlazor.min.css",
      "AssetFile": "_content/MudBlazor/MudBlazor.min.css.gz",
      "Selectors": [
        {
          "Name": "Content-Encoding",
          "Value": "gzip",
          "Quality": "0.000015469818"
        }
      ],
      "ResponseHeaders": [
        {
          "Name": "Accept-Ranges",
          "Value": "bytes"
        },
        {
          "Name": "Cache-Control",
          "Value": "no-cache"
        },
        {
          "Name": "Content-Encoding",
          "Value": "gzip"
        },
        {
          "Name": "Content-Length",
          "Value": "64641"
        },
        {
          "Name": "Content-Type",
          "Value": "text/css"
        },
        {
          "Name": "ETag",
          "Value": "\"Hc8UZ3CPbAu3gn/NSgcO918UcMER+IuOVPthfdZ93ks=\""
        },
        {
          "Name": "ETag",
          "Value": "W/\"NgHobvE5wu6MFuX0QImF1lk8IP4UUN3UDirKa0WQVYc=\""
        },
        {
          "Name": "Last-Modified",
          "Value": "Mon, 31 Mar 2025 21:02:30 GMT"
        },
        {
          "Name": "Vary",
          "Value": "Content-Encoding"
        }
      ],
      "EndpointProperties": [
        {
          "Name": "integrity",
          "Value": "sha256-NgHobvE5wu6MFuX0QImF1lk8IP4UUN3UDirKa0WQVYc="
        }
      ]
    },
    {
      "Route": "_content/MudBlazor/MudBlazor.min.css.br",
      "AssetFile": "_content/MudBlazor/MudBlazor.min.css.br",
      "Selectors": [],
      "ResponseHeaders": [
        {
          "Name": "Accept-Ranges",
          "Value": "bytes"
        },
        {
          "Name": "Cache-Control",
          "Value": "no-cache"
        },
        {
          "Name": "Content-Encoding",
          "Value": "br"
        },
        {
          "Name": "Content-Length",
          "Value": "40713"
        },
        {
          "Name": "Content-Type",
          "Value": "text/css"
        },
        {
          "Name": "ETag",
          "Value": "\"YEArEP6yen3FV2l1iOGV3CPTZfQY/RBW3HNrVX7lS3Y=\""
        },
        {
          "Name": "Last-Modified",
          "Value": "Mon, 31 Mar 2025 21:02:30 GMT"
        },
        {
          "Name": "Vary",
          "Value": "Content-Encoding"
        }
      ],
      "EndpointProperties": [
        {
          "Name": "integrity",
          "Value": "sha256-YEArEP6yen3FV2l1iOGV3CPTZfQY/RBW3HNrVX7lS3Y="
        }
      ]
    },
    {
      "Route": "_content/MudBlazor/MudBlazor.min.css.gz",
      "AssetFile": "_content/MudBlazor/MudBlazor.min.css.gz",
      "Selectors": [],
      "ResponseHeaders": [
        {
          "Name": "Accept-Ranges",
          "Value": "bytes"
        },
        {
          "Name": "Cache-Control",
          "Value": "no-cache"
        },
        {
          "Name": "Content-Encoding",
          "Value": "gzip"
        },
        {
          "Name": "Content-Length",
          "Value": "64641"
        },
        {
          "Name": "Content-Type",
          "Value": "text/css"
        },
        {
          "Name": "ETag",
          "Value": "\"Hc8UZ3CPbAu3gn/NSgcO918UcMER+IuOVPthfdZ93ks=\""
        },
        {
          "Name": "Last-Modified",
          "Value": "Mon, 31 Mar 2025 21:02:30 GMT"
        },
        {
          "Name": "Vary",
          "Value": "Content-Encoding"
        }
      ],
      "EndpointProperties": [
        {
          "Name": "integrity",
          "Value": "sha256-Hc8UZ3CPbAu3gn/NSgcO918UcMER+IuOVPthfdZ93ks="
        }
      ]
    },
    {
      "Route": "_content/MudBlazor/MudBlazor.min.gtd3sm4n1q.js",
      "AssetFile": "_content/MudBlazor/MudBlazor.min.js",
      "Selectors": [],
      "ResponseHeaders": [
        {
          "Name": "Accept-Ranges",
          "Value": "bytes"
        },
        {
          "Name": "Cache-Control",
          "Value": "max-age=31536000, immutable"
        },
        {
          "Name": "Content-Length",
          "Value": "58284"
        },
        {
          "Name": "Content-Type",
          "Value": "text/javascript"
        },
        {
          "Name": "ETag",
          "Value": "\"TOPYwKltorv5iM1JqqzJayZWZx7LFnfSq2AhkWFNwrg=\""
        },
        {
          "Name": "Last-Modified",
          "Value": "Mon, 31 Mar 2025 21:02:30 GMT"
        }
      ],
      "EndpointProperties": [
        {
          "Name": "fingerprint",
          "Value": "gtd3sm4n1q"
        },
        {
          "Name": "integrity",
          "Value": "sha256-TOPYwKltorv5iM1JqqzJayZWZx7LFnfSq2AhkWFNwrg="
        },
        {
          "Name": "label",
          "Value": "_content/MudBlazor/MudBlazor.min.js"
        }
      ]
    },
    {
      "Route": "_content/MudBlazor/MudBlazor.min.js",
      "AssetFile": "_content/MudBlazor/MudBlazor.min.js",
      "Selectors": [],
      "ResponseHeaders": [
        {
          "Name": "Accept-Ranges",
          "Value": "bytes"
        },
        {
          "Name": "Cache-Control",
          "Value": "no-cache"
        },
        {
          "Name": "Content-Length",
          "Value": "58284"
        },
        {
          "Name": "Content-Type",
          "Value": "text/javascript"
        },
        {
          "Name": "ETag",
          "Value": "\"TOPYwKltorv5iM1JqqzJayZWZx7LFnfSq2AhkWFNwrg=\""
        },
        {
          "Name": "Last-Modified",
          "Value": "Mon, 31 Mar 2025 21:02:30 GMT"
        }
      ],
      "EndpointProperties": [
        {
          "Name": "integrity",
          "Value": "sha256-TOPYwKltorv5iM1JqqzJayZWZx7LFnfSq2AhkWFNwrg="
        }
      ]
    },
    {
      "Route": "_content/MudBlazor/MudBlazor.min.js",
      "AssetFile": "_content/MudBlazor/MudBlazor.min.js.gz",
      "Selectors": [
        {
          "Name": "Content-Encoding",
          "Value": "gzip",
          "Quality": "0.000077489345"
        }
      ],
      "ResponseHeaders": [
        {
          "Name": "Accept-Ranges",
          "Value": "bytes"
        },
        {
          "Name": "Cache-Control",
          "Value": "no-cache"
        },
        {
          "Name": "Content-Encoding",
          "Value": "gzip"
        },
        {
          "Name": "Content-Length",
          "Value": "12904"
        },
        {
          "Name": "Content-Type",
          "Value": "text/javascript"
        },
        {
          "Name": "ETag",
          "Value": "\"PVlggn2KAsf5eErcnJMnZr/WjTiWMQcGEwRpw47DsZ8=\""
        },
        {
          "Name": "ETag",
          "Value": "W/\"TOPYwKltorv5iM1JqqzJayZWZx7LFnfSq2AhkWFNwrg=\""
        },
        {
          "Name": "Last-Modified",
          "Value": "Mon, 31 Mar 2025 21:02:30 GMT"
        },
        {
          "Name": "Vary",
          "Value": "Content-Encoding"
        }
      ],
      "EndpointProperties": [
        {
          "Name": "integrity",
          "Value": "sha256-TOPYwKltorv5iM1JqqzJayZWZx7LFnfSq2AhkWFNwrg="
        }
      ]
    },
    {
      "Route": "_content/MudBlazor/MudBlazor.min.js",
      "AssetFile": "_content/MudBlazor/MudBlazor.min.js.br",
      "Selectors": [
        {
          "Name": "Content-Encoding",
          "Value": "br",
          "Quality": "0.000089637863"
        }
      ],
      "ResponseHeaders": [
        {
          "Name": "Accept-Ranges",
          "Value": "bytes"
        },
        {
          "Name": "Cache-Control",
          "Value": "no-cache"
        },
        {
          "Name": "Content-Encoding",
          "Value": "br"
        },
        {
          "Name": "Content-Length",
          "Value": "11155"
        },
        {
          "Name": "Content-Type",
          "Value": "text/javascript"
        },
        {
          "Name": "ETag",
          "Value": "\"S7mwGY2MBJ26SONqFJN0rhU3WKuB4698myQSuR0RotY=\""
        },
        {
          "Name": "ETag",
          "Value": "W/\"TOPYwKltorv5iM1JqqzJayZWZx7LFnfSq2AhkWFNwrg=\""
        },
        {
          "Name": "Last-Modified",
          "Value": "Mon, 31 Mar 2025 21:02:30 GMT"
        },
        {
          "Name": "Vary",
          "Value": "Content-Encoding"
        }
      ],
      "EndpointProperties": [
        {
          "Name": "integrity",
          "Value": "sha256-TOPYwKltorv5iM1JqqzJayZWZx7LFnfSq2AhkWFNwrg="
        }
      ]
    },
    {
      "Route": "_content/MudBlazor/MudBlazor.min.js.br",
      "AssetFile": "_content/MudBlazor/MudBlazor.min.js.br",
      "Selectors": [],
      "ResponseHeaders": [
        {
          "Name": "Accept-Ranges",
          "Value": "bytes"
        },
        {
          "Name": "Cache-Control",
          "Value": "no-cache"
        },
        {
          "Name": "Content-Encoding",
          "Value": "br"
        },
        {
          "Name": "Content-Length",
          "Value": "11155"
        },
        {
          "Name": "Content-Type",
          "Value": "text/javascript"
        },
        {
          "Name": "ETag",
          "Value": "\"S7mwGY2MBJ26SONqFJN0rhU3WKuB4698myQSuR0RotY=\""
        },
        {
          "Name": "Last-Modified",
          "Value": "Mon, 31 Mar 2025 21:02:30 GMT"
        },
        {
          "Name": "Vary",
          "Value": "Content-Encoding"
        }
      ],
      "EndpointProperties": [
        {
          "Name": "integrity",
          "Value": "sha256-S7mwGY2MBJ26SONqFJN0rhU3WKuB4698myQSuR0RotY="
        }
      ]
    },
    {
      "Route": "_content/MudBlazor/MudBlazor.min.js.gz",
      "AssetFile": "_content/MudBlazor/MudBlazor.min.js.gz",
      "Selectors": [],
      "ResponseHeaders": [
        {
          "Name": "Accept-Ranges",
          "Value": "bytes"
        },
        {
          "Name": "Cache-Control",
          "Value": "no-cache"
        },
        {
          "Name": "Content-Encoding",
          "Value": "gzip"
        },
        {
          "Name": "Content-Length",
          "Value": "12904"
        },
        {
          "Name": "Content-Type",
          "Value": "text/javascript"
        },
        {
          "Name": "ETag",
          "Value": "\"PVlggn2KAsf5eErcnJMnZr/WjTiWMQcGEwRpw47DsZ8=\""
        },
        {
          "Name": "Last-Modified",
          "Value": "Mon, 31 Mar 2025 21:02:30 GMT"
        },
        {
          "Name": "Vary",
          "Value": "Content-Encoding"
        }
      ],
      "EndpointProperties": [
        {
          "Name": "integrity",
          "Value": "sha256-PVlggn2KAsf5eErcnJMnZr/WjTiWMQcGEwRpw47DsZ8="
        }
      ]
    },
    {
      "Route": "_content/MudBlazor/MudBlazor.min.u34o0xbo4m.css",
      "AssetFile": "_content/MudBlazor/MudBlazor.min.css",
      "Selectors": [],
      "ResponseHeaders": [
        {
          "Name": "Accept-Ranges",
          "Value": "bytes"
        },
        {
          "Name": "Cache-Control",
          "Value": "max-age=31536000, immutable"
        },
        {
          "Name": "Content-Length",
          "Value": "597813"
        },
        {
          "Name": "Content-Type",
          "Value": "text/css"
        },
        {
          "Name": "ETag",
          "Value": "\"NgHobvE5wu6MFuX0QImF1lk8IP4UUN3UDirKa0WQVYc=\""
        },
        {
          "Name": "Last-Modified",
          "Value": "Mon, 31 Mar 2025 21:02:30 GMT"
        }
      ],
      "EndpointProperties": [
        {
          "Name": "fingerprint",
          "Value": "u34o0xbo4m"
        },
        {
          "Name": "integrity",
          "Value": "sha256-NgHobvE5wu6MFuX0QImF1lk8IP4UUN3UDirKa0WQVYc="
        },
        {
          "Name": "label",
          "Value": "_content/MudBlazor/MudBlazor.min.css"
        }
      ]
    },
    {
      "Route": "app.css",
      "AssetFile": "app.css.gz",
      "Selectors": [
        {
          "Name": "Content-Encoding",
          "Value": "gzip",
          "Quality": "0.000700280112"
        }
      ],
      "ResponseHeaders": [
        {
          "Name": "Accept-Ranges",
          "Value": "bytes"
        },
        {
          "Name": "Cache-Control",
          "Value": "no-cache"
        },
        {
          "Name": "Content-Encoding",
          "Value": "gzip"
        },
        {
          "Name": "Content-Length",
          "Value": "1427"
        },
        {
          "Name": "Content-Type",
          "Value": "text/css"
        },
        {
          "Name": "ETag",
          "Value": "\"b5gvBbOGQ5w4mkBThiJCOO5CQU2KTPorH2xEAJ34HGI=\""
        },
        {
          "Name": "ETag",
          "Value": "W/\"ZQhFbWzE/mueHzhSHYM2k8ia4znaZ3OIrWUXgusqfPg=\""
        },
        {
          "Name": "Last-Modified",
          "Value": "Tue, 08 Apr 2025 16:22:34 GMT"
        },
        {
          "Name": "Vary",
          "Value": "Content-Encoding"
        }
      ],
      "EndpointProperties": [
        {
          "Name": "integrity",
          "Value": "sha256-ZQhFbWzE/mueHzhSHYM2k8ia4znaZ3OIrWUXgusqfPg="
        }
      ]
    },
    {
      "Route": "app.css",
      "AssetFile": "app.css.br",
      "Selectors": [
        {
          "Name": "Content-Encoding",
          "Value": "br",
          "Quality": "0.000819000819"
        }
      ],
      "ResponseHeaders": [
        {
          "Name": "Accept-Ranges",
          "Value": "bytes"
        },
        {
          "Name": "Cache-Control",
          "Value": "no-cache"
        },
        {
          "Name": "Content-Encoding",
          "Value": "br"
        },
        {
          "Name": "Content-Length",
          "Value": "1220"
        },
        {
          "Name": "Content-Type",
          "Value": "text/css"
        },
        {
          "Name": "ETag",
          "Value": "\"3jIyuxyiBiRKJWe3zdCPosOX2Hk5xaDSTQ0hRbIX79k=\""
        },
        {
          "Name": "ETag",
          "Value": "W/\"ZQhFbWzE/mueHzhSHYM2k8ia4znaZ3OIrWUXgusqfPg=\""
        },
        {
          "Name": "Last-Modified",
          "Value": "Tue, 08 Apr 2025 16:22:34 GMT"
        },
        {
          "Name": "Vary",
          "Value": "Content-Encoding"
        }
      ],
      "EndpointProperties": [
        {
          "Name": "integrity",
          "Value": "sha256-ZQhFbWzE/mueHzhSHYM2k8ia4znaZ3OIrWUXgusqfPg="
        }
      ]
    },
    {
      "Route": "app.css",
      "AssetFile": "app.css",
      "Selectors": [],
      "ResponseHeaders": [
        {
          "Name": "Accept-Ranges",
          "Value": "bytes"
        },
        {
          "Name": "Cache-Control",
          "Value": "no-cache"
        },
        {
          "Name": "Content-Length",
          "Value": "2529"
        },
        {
          "Name": "Content-Type",
          "Value": "text/css"
        },
        {
          "Name": "ETag",
          "Value": "\"ZQhFbWzE/mueHzhSHYM2k8ia4znaZ3OIrWUXgusqfPg=\""
        },
        {
          "Name": "Last-Modified",
          "Value": "Tue, 08 Apr 2025 16:22:34 GMT"
        }
      ],
      "EndpointProperties": [
        {
          "Name": "integrity",
          "Value": "sha256-ZQhFbWzE/mueHzhSHYM2k8ia4znaZ3OIrWUXgusqfPg="
        }
      ]
    },
    {
      "Route": "app.css.br",
      "AssetFile": "app.css.br",
      "Selectors": [],
      "ResponseHeaders": [
        {
          "Name": "Accept-Ranges",
          "Value": "bytes"
        },
        {
          "Name": "Cache-Control",
          "Value": "no-cache"
        },
        {
          "Name": "Content-Encoding",
          "Value": "br"
        },
        {
          "Name": "Content-Length",
          "Value": "1220"
        },
        {
          "Name": "Content-Type",
          "Value": "text/css"
        },
        {
          "Name": "ETag",
          "Value": "\"3jIyuxyiBiRKJWe3zdCPosOX2Hk5xaDSTQ0hRbIX79k=\""
        },
        {
          "Name": "Last-Modified",
          "Value": "Tue, 08 Apr 2025 16:22:34 GMT"
        },
        {
          "Name": "Vary",
          "Value": "Content-Encoding"
        }
      ],
      "EndpointProperties": [
        {
          "Name": "integrity",
          "Value": "sha256-3jIyuxyiBiRKJWe3zdCPosOX2Hk5xaDSTQ0hRbIX79k="
        }
      ]
    },
    {
      "Route": "app.css.gz",
      "AssetFile": "app.css.gz",
      "Selectors": [],
      "ResponseHeaders": [
        {
          "Name": "Accept-Ranges",
          "Value": "bytes"
        },
        {
          "Name": "Cache-Control",
          "Value": "no-cache"
        },
        {
          "Name": "Content-Encoding",
          "Value": "gzip"
        },
        {
          "Name": "Content-Length",
          "Value": "1427"
        },
        {
          "Name": "Content-Type",
          "Value": "text/css"
        },
        {
          "Name": "ETag",
          "Value": "\"b5gvBbOGQ5w4mkBThiJCOO5CQU2KTPorH2xEAJ34HGI=\""
        },
        {
          "Name": "Last-Modified",
          "Value": "Tue, 08 Apr 2025 16:22:34 GMT"
        },
        {
          "Name": "Vary",
          "Value": "Content-Encoding"
        }
      ],
      "EndpointProperties": [
        {
          "Name": "integrity",
          "Value": "sha256-b5gvBbOGQ5w4mkBThiJCOO5CQU2KTPorH2xEAJ34HGI="
        }
      ]
    },
    {
      "Route": "app.vrjyv8k2dr.css",
      "AssetFile": "app.css.gz",
      "Selectors": [
        {
          "Name": "Content-Encoding",
          "Value": "gzip",
          "Quality": "0.000700280112"
        }
      ],
      "ResponseHeaders": [
        {
          "Name": "Accept-Ranges",
          "Value": "bytes"
        },
        {
          "Name": "Cache-Control",
          "Value": "max-age=31536000, immutable"
        },
        {
          "Name": "Content-Encoding",
          "Value": "gzip"
        },
        {
          "Name": "Content-Length",
          "Value": "1427"
        },
        {
          "Name": "Content-Type",
          "Value": "text/css"
        },
        {
          "Name": "ETag",
          "Value": "\"b5gvBbOGQ5w4mkBThiJCOO5CQU2KTPorH2xEAJ34HGI=\""
        },
        {
          "Name": "ETag",
          "Value": "W/\"ZQhFbWzE/mueHzhSHYM2k8ia4znaZ3OIrWUXgusqfPg=\""
        },
        {
          "Name": "Last-Modified",
          "Value": "Tue, 08 Apr 2025 16:22:34 GMT"
        },
        {
          "Name": "Vary",
          "Value": "Content-Encoding"
        }
      ],
      "EndpointProperties": [
        {
          "Name": "fingerprint",
          "Value": "vrjyv8k2dr"
        },
        {
          "Name": "integrity",
          "Value": "sha256-ZQhFbWzE/mueHzhSHYM2k8ia4znaZ3OIrWUXgusqfPg="
        },
        {
          "Name": "label",
          "Value": "app.css"
        }
      ]
    },
    {
      "Route": "app.vrjyv8k2dr.css",
      "AssetFile": "app.css.br",
      "Selectors": [
        {
          "Name": "Content-Encoding",
          "Value": "br",
          "Quality": "0.000819000819"
        }
      ],
      "ResponseHeaders": [
        {
          "Name": "Accept-Ranges",
          "Value": "bytes"
        },
        {
          "Name": "Cache-Control",
          "Value": "max-age=31536000, immutable"
        },
        {
          "Name": "Content-Encoding",
          "Value": "br"
        },
        {
          "Name": "Content-Length",
          "Value": "1220"
        },
        {
          "Name": "Content-Type",
          "Value": "text/css"
        },
        {
          "Name": "ETag",
          "Value": "\"3jIyuxyiBiRKJWe3zdCPosOX2Hk5xaDSTQ0hRbIX79k=\""
        },
        {
          "Name": "ETag",
          "Value": "W/\"ZQhFbWzE/mueHzhSHYM2k8ia4znaZ3OIrWUXgusqfPg=\""
        },
        {
          "Name": "Last-Modified",
          "Value": "Tue, 08 Apr 2025 16:22:34 GMT"
        },
        {
          "Name": "Vary",
          "Value": "Content-Encoding"
        }
      ],
      "EndpointProperties": [
        {
          "Name": "fingerprint",
          "Value": "vrjyv8k2dr"
        },
        {
          "Name": "integrity",
          "Value": "sha256-ZQhFbWzE/mueHzhSHYM2k8ia4znaZ3OIrWUXgusqfPg="
        },
        {
          "Name": "label",
          "Value": "app.css"
        }
      ]
    },
    {
      "Route": "app.vrjyv8k2dr.css",
      "AssetFile": "app.css",
      "Selectors": [],
      "ResponseHeaders": [
        {
          "Name": "Accept-Ranges",
          "Value": "bytes"
        },
        {
          "Name": "Cache-Control",
          "Value": "max-age=31536000, immutable"
        },
        {
          "Name": "Content-Length",
          "Value": "2529"
        },
        {
          "Name": "Content-Type",
          "Value": "text/css"
        },
        {
          "Name": "ETag",
          "Value": "\"ZQhFbWzE/mueHzhSHYM2k8ia4znaZ3OIrWUXgusqfPg=\""
        },
        {
          "Name": "Last-Modified",
          "Value": "Tue, 08 Apr 2025 16:22:34 GMT"
        }
      ],
      "EndpointProperties": [
        {
          "Name": "fingerprint",
          "Value": "vrjyv8k2dr"
        },
        {
          "Name": "integrity",
          "Value": "sha256-ZQhFbWzE/mueHzhSHYM2k8ia4znaZ3OIrWUXgusqfPg="
        },
        {
          "Name": "label",
          "Value": "app.css"
        }
      ]
    },
    {
      "Route": "app.vrjyv8k2dr.css.br",
      "AssetFile": "app.css.br",
      "Selectors": [],
      "ResponseHeaders": [
        {
          "Name": "Accept-Ranges",
          "Value": "bytes"
        },
        {
          "Name": "Cache-Control",
          "Value": "max-age=31536000, immutable"
        },
        {
          "Name": "Content-Encoding",
          "Value": "br"
        },
        {
          "Name": "Content-Length",
          "Value": "1220"
        },
        {
          "Name": "Content-Type",
          "Value": "text/css"
        },
        {
          "Name": "ETag",
          "Value": "\"3jIyuxyiBiRKJWe3zdCPosOX2Hk5xaDSTQ0hRbIX79k=\""
        },
        {
          "Name": "Last-Modified",
          "Value": "Tue, 08 Apr 2025 16:22:34 GMT"
        },
        {
          "Name": "Vary",
          "Value": "Content-Encoding"
        }
      ],
      "EndpointProperties": [
        {
          "Name": "fingerprint",
          "Value": "vrjyv8k2dr"
        },
        {
          "Name": "integrity",
          "Value": "sha256-3jIyuxyiBiRKJWe3zdCPosOX2Hk5xaDSTQ0hRbIX79k="
        },
        {
          "Name": "label",
          "Value": "app.css.br"
        }
      ]
    },
    {
      "Route": "app.vrjyv8k2dr.css.gz",
      "AssetFile": "app.css.gz",
      "Selectors": [],
      "ResponseHeaders": [
        {
          "Name": "Accept-Ranges",
          "Value": "bytes"
        },
        {
          "Name": "Cache-Control",
          "Value": "max-age=31536000, immutable"
        },
        {
          "Name": "Content-Encoding",
          "Value": "gzip"
        },
        {
          "Name": "Content-Length",
          "Value": "1427"
        },
        {
          "Name": "Content-Type",
          "Value": "text/css"
        },
        {
          "Name": "ETag",
          "Value": "\"b5gvBbOGQ5w4mkBThiJCOO5CQU2KTPorH2xEAJ34HGI=\""
        },
        {
          "Name": "Last-Modified",
          "Value": "Tue, 08 Apr 2025 16:22:34 GMT"
        },
        {
          "Name": "Vary",
          "Value": "Content-Encoding"
        }
      ],
      "EndpointProperties": [
        {
          "Name": "fingerprint",
          "Value": "vrjyv8k2dr"
        },
        {
          "Name": "integrity",
          "Value": "sha256-b5gvBbOGQ5w4mkBThiJCOO5CQU2KTPorH2xEAJ34HGI="
        },
        {
          "Name": "label",
          "Value": "app.css.gz"
        }
      ]
    }
  ]
}